"Keyword","Monthly Volume","Adwords CPC","Adwords Comp","Volume Jan","Volume Feb","Volume Mar","Volume Apr","Volume May","Volume Jun","Volume Jul","Volume Aug","Volume Sep","Volume Oct","Volume Nov","Volume Dec"
"sport  multi terrain vehicle","888","$80.00","88.00","1","1","2","5","6","9","8","10","10","7","7","1"
"sport  crossword","888","$80.00","88.00","10","11","3","9","1","10","5","11","7","3","8","9"
"sport  all terrain vehicle","888","$80.00","88.00","4","8","11","11","3","5","2","11","8","1","2","4"
"sport  some vehicles crossword","888","$80.00","88.00","5","9","2","5","6","4","1","5","3","8","2","5"
"sport  modern vehicles","888","$80.00","88.00","10","1","1","11","6","5","11","2","9","8","9","11"
"sport  crossword clue","888","$80.00","88.00","11","5","8","11","7","7","2","3","6","5","8","2"
"sport  allterrain vehicle","888","$80.00","88.00","4","8","6","4","7","3","1","3","1","5","5","9"
"sport  off road vehicle","888","$80.00","88.00","6","11","6","8","3","1","8","4","3","6","8","9"
"sport chek","888","$80.00","88.00","4","2","4","10","8","9","9","10","5","10","10","2"
"sport am","888","$80.00","88.00","3","10","8","4","8","4","8","6","8","8","7","6"
"sport activities","888","$80.00","88.00","8","10","2","1","1","10","8","11","10","4","4","2"
"sport assist","888","$80.00","88.00","7","11","1","3","7","8","4","6","1","3","11","9"
"sport arena","888","$80.00","88.00","5","10","8","2","3","6","2","7","1","2","10","7"
"sport and games","888","$80.00","88.00","5","7","4","8","9","2","8","6","9","2","3","3"
"sport angel","888","$80.00","88.00","4","3","8","6","5","6","11","1","4","7","11","8"
"sport arena tv","888","$80.00","88.00","11","3","11","9","7","3","10","7","7","7","11","6"
"sport bag","888","$80.00","88.00","10","5","11","3","5","2","2","9","9","4","1","8"
"sport boulevard depo","888","$80.00","88.00","7","3","9","1","2","5","10","6","4","8","11","5"
"sport business","888","$80.00","88.00","5","11","11","3","10","11","2","9","5","9","9","11"
"sport business awards","888","$80.00","88.00","6","4","6","10","8","1","6","10","11","8","9","2"
"sport bet","888","$80.00","88.00","10","10","10","4","8","7","2","6","4","2","10","5"
"sport betting","888","$80.00","88.00","3","6","10","8","3","9","2","1","5","8","1","2"
"sport car","888","$80.00","88.00","9","3","4","3","2","11","10","2","11","10","1","10"
"sport car 3","888","$80.00","88.00","5","5","11","8","7","2","9","4","6","3","8","7"
"sport chic","888","$80.00","88.00","5","5","11","5","1","8","2","11","11","6","5","2"
"sport cubes","888","$80.00","88.00","10","6","10","4","2","5","4","8","5","7","5","6"
"sport can be a great way to develop","888","$80.00","88.00","1","6","4","4","5","6","7","3","11","8","3","7"
"sport casual","888","$80.00","88.00","8","10","4","11","7","9","7","10","2","10","2","1"
"sport club","888","$80.00","88.00","2","7","7","3","2","8","11","10","3","9","10","1"
"sport dar","888","$80.00","88.00","5","2","4","8","3","9","1","6","4","11","3","8"
"sport depo","888","$80.00","88.00","5","5","3","4","10","1","2","7","9","7","6","7"
"sport dealer","888","$80.00","88.00","4","11","5","3","11","7","9","1","5","5","3","8"
"sport direct","888","$80.00","88.00","8","11","2","6","9","3","3","4","6","7","3","8"
"sport definition","888","$80.00","88.00","4","10","5","7","9","6","2","3","3","9","10","11"
"sport dots","888","$80.00","88.00","4","8","10","5","2","6","8","10","11","8","9","11"
"sport dance","888","$80.00","88.00","11","8","3","11","11","2","6","3","8","10","2","8"
"sport discount russia","888","$80.00","88.00","2","5","10","7","8","3","8","6","6","4","6","11"
"sport express","888","$80.00","88.00","6","3","2","1","3","10","9","6","8","8","11","7"
"sport elite","888","$80.00","88.00","2","2","9","4","5","9","7","1","1","5","6","5"
"sport equipment","888","$80.00","88.00","6","4","4","1","6","6","7","10","10","10","5","11"
"sport expert","888","$80.00","88.00","11","5","7","5","7","11","9","2","11","9","11","7"
"sport events","888","$80.00","88.00","9","6","2","1","2","10","1","6","11","6","2","2"
"sport extreme","888","$80.00","88.00","10","6","4","4","7","8","9","4","11","4","7","4"
"sport elite se602","888","$80.00","88.00","3","11","4","10","2","10","11","2","9","11","8","9"
"sport expert bcaa","888","$80.00","88.00","3","6","11","5","7","3","4","8","7","5","11","10"
"sport facilities","888","$80.00","88.00","3","9","9","5","9","9","11","6","11","9","4","2"
"sport facilities at school","888","$80.00","88.00","10","6","8","11","4","7","5","6","8","7","6","4"
"sport forum live","888","$80.00","88.00","4","5","6","6","6","6","9","5","10","4","8","6"
"sport facilities examples","888","$80.00","88.00","11","9","1","4","10","10","4","4","3","10","2","9"
"sport food","888","$80.00","88.00","5","10","11","9","6","2","11","1","10","11","5","10"
"sport fonts","888","$80.00","88.00","7","1","3","11","1","1","4","10","1","11","8","9"
"sport fashion","888","$80.00","88.00","8","11","10","2","2","5","5","6","7","6","2","4"
"sport gloves","888","$80.00","88.00","2","11","4","5","11","6","4","1","2","11","2","5"
"sport girl","888","$80.00","88.00","8","3","10","11","8","10","5","9","6","8","4","3"
"sport games","888","$80.00","88.00","5","1","10","3","8","6","7","11","11","8","10","1"
"sport ground","888","$80.00","88.00","2","9","1","6","6","8","5","2","7","3","11","4"
"sport gear","888","$80.00","88.00","5","10","4","11","2","3","1","1","9","6","6","11"
"sport gloves amphibious","888","$80.00","88.00","1","9","2","5","6","8","2","8","1","6","7","6"
"sport glide","888","$80.00","88.00","9","9","11","11","5","9","10","5","9","4","6","10"
"sport health manual","888","$80.00","88.00","7","6","6","2","9","6","7","6","9","7","10","8"
"sport house","888","$80.00","88.00","6","2","2","1","10","8","5","5","4","7","9","10"
"sport hotel","888","$80.00","88.00","3","1","3","6","11","9","3","9","3","5","5","6"
"sport hunter","888","$80.00","88.00","11","3","3","8","7","4","3","11","7","11","9","11"
"sport headset","888","$80.00","88.00","11","1","2","5","9","6","3","11","11","4","2","3"
"sport hall","888","$80.00","88.00","10","5","6","9","9","6","1","8","11","9","3","2"
"sport hub","888","$80.00","88.00","3","3","2","8","6","1","3","7","2","6","2","5"
"sport in great britain","888","$80.00","88.00","2","10","8","7","4","10","6","1","5","7","3","6"
"sport in our life","888","$80.00","88.00","7","7","10","8","2","9","6","4","6","4","11","9"
"sport inn hotel & wellness","888","$80.00","88.00","9","9","9","11","11","11","1","11","5","7","5","3"
"sport in my life","888","$80.00","88.00","9","8","10","2","5","10","6","4","8","3","3","2"
"sport insure","888","$80.00","88.00","10","1","4","7","1","5","9","2","11","7","5","10"
"sport images","888","$80.00","88.00","10","5","11","10","6","8","10","5","2","11","6","7"
"sport jacket","888","$80.00","88.00","11","3","11","8","6","7","5","6","5","10","9","10"
"sport jn","888","$80.00","88.00","10","6","2","11","3","8","3","10","10","6","7","11"
"sport jet 70","888","$80.00","88.00","3","8","4","11","9","1","11","8","10","11","3","5"
"sport jobs","888","$80.00","88.00","3","3","4","6","2","10","8","3","1","7","4","9"
"sport jihozlari","888","$80.00","88.00","7","6","9","10","2","6","4","11","1","9","3","10"
"sport jurnalistikasi","888","$80.00","88.00","3","6","8","8","10","5","5","9","1","4","6","4"
"sport jihozlari rasmi","888","$80.00","88.00","5","6","7","3","6","1","1","2","9","5","8","8"
"sport journalism","888","$80.00","88.00","8","6","7","7","1","7","5","1","1","3","10","10"
"sport klub","888","$80.00","88.00","3","8","5","9","7","9","7","1","3","3","9","8"
"sport kz","888","$80.00","88.00","2","3","5","3","1","1","2","9","2","2","11","2"
"sport kanal uz","888","$80.00","88.00","6","8","10","11","3","1","2","8","6","4","7","6"
"sport kinds","888","$80.00","88.00","7","7","9","8","10","6","10","10","10","10","2","8"
"sport kb","888","$80.00","88.00","9","2","4","1","3","9","2","11","6","9","10","10"
"sport kp","888","$80.00","88.00","3","3","4","9","9","2","6","2","10","4","8","11"
"sport klub 2","888","$80.00","88.00","11","1","4","6","4","9","4","11","1","10","4","2"
"sport life","888","$80.00","88.00","8","4","4","1","6","1","5","8","3","10","11","3"
"sport line","888","$80.00","88.00","9","11","10","5","3","10","1","11","10","6","10","8"
"sport logo","888","$80.00","88.00","7","3","1","10","2","8","7","1","3","9","5","10"
"sport live stream","888","$80.00","88.00","3","1","8","9","10","2","9","7","11","6","10","5"
"sport level","888","$80.00","88.00","7","6","2","6","7","3","2","2","3","8","2","2"
"sport marafon","888","$80.00","88.00","9","8","8","1","7","4","9","10","11","4","4","9"
"sport master","888","$80.00","88.00","5","4","2","4","6","9","2","3","2","10","1","1"
"sport machen","888","$80.00","88.00","10","2","7","10","4","7","4","10","2","6","1","4"
"sport market","888","$80.00","88.00","9","10","10","11","7","1","1","1","2","2","2","10"
"sport motivation","888","$80.00","88.00","2","11","6","7","3","3","9","9","1","11","3","6"
"sport mix","888","$80.00","88.00","6","9","5","10","3","2","5","6","6","1","2","11"
"sport moda","888","$80.00","88.00","3","1","1","4","2","7","6","5","11","5","2","2"
"sport music","888","$80.00","88.00","10","11","1","10","1","7","7","6","8","10","9","9"
"sport news","888","$80.00","88.00","6","9","7","2","6","8","11","1","1","9","4","6"
"sport nutrition","888","$80.00","88.00","9","1","3","10","5","5","9","1","9","2","1","2"
"sport nordic","888","$80.00","88.00","4","10","10","1","8","10","7","5","7","9","7","9"
"sport nutrition academy","888","$80.00","88.00","9","11","6","9","7","11","8","1","3","7","4","5"
"sport net","888","$80.00","88.00","2","10","9","7","11","4","4","2","1","8","9","2"
"sport nation","888","$80.00","88.00","9","5","9","2","11","10","11","7","7","10","6","10"
"sport news am","888","$80.00","88.00","6","11","1","10","10","6","11","4","5","2","3","11"
"sport or sports","888","$80.00","88.00","7","2","1","1","4","9","6","10","6","7","10","11"
"sport online","888","$80.00","88.00","7","10","1","3","7","7","5","1","4","5","10","11"
"sport opportune","888","$80.00","88.00","9","4","7","6","8","7","4","5","11","1","7","5"
"sport orienteering","888","$80.00","88.00","2","1","6","6","9","5","9","9","4","7","5","4"
"sport point","888","$80.00","88.00","2","1","2","2","10","3","4","2","8","2","7","11"
"sport photo","888","$80.00","88.00","1","9","1","8","1","10","3","4","9","3","6","10"
"sport prikid","888","$80.00","88.00","7","11","3","5","5","2","11","6","1","10","9","9"
"sport plus","888","$80.00","88.00","7","8","7","1","11","2","4","8","4","7","1","2"
"sport priority","888","$80.00","88.00","1","4","7","8","10","5","11","8","6","2","5","7"
"sport professional","888","$80.00","88.00","8","8","10","1","5","6","2","11","6","4","3","6"
"sport pit","888","$80.00","88.00","7","1","6","8","1","5","11","5","2","1","2","10"
"sport questions","888","$80.00","88.00","7","4","4","9","11","8","9","10","2","3","1","8"
"sport quiz","888","$80.00","88.00","7","7","5","3","10","8","4","4","6","8","8","6"
"sport questions for discussion","888","$80.00","88.00","6","6","8","2","6","3","1","10","5","4","10","9"
"sport quotes","888","$80.00","88.00","2","7","6","6","5","6","10","1","10","7","11","9"
"sport quiz for school","888","$80.00","88.00","10","1","10","9","9","3","10","1","8","3","4","3"
"sport qory","888","$80.00","88.00","6","7","11","9","11","6","8","2","4","6","10","4"
"sport qoshiqlari","888","$80.00","88.00","9","1","1","7","4","1","11","9","5","2","8","4"
"sport qirolichasi","888","$80.00","88.00","8","1","6","6","1","11","3","10","6","8","10","7"
"sport ru","888","$80.00","88.00","9","9","7","5","7","8","7","1","8","1","8","9"
"sport research omega 3","888","$80.00","88.00","5","11","8","8","2","7","5","3","10","3","10","5"
"sport research","888","$80.00","88.00","6","10","5","2","4","3","11","8","5","11","7","3"
"sport rich","888","$80.00","88.00","3","10","11","10","8","10","5","11","10","11","4","5"
"sport retail group pte","888","$80.00","88.00","8","7","10","3","6","10","11","4","6","11","10","7"
"sport robotics","888","$80.00","88.00","10","4","1","8","5","2","3","4","5","8","6","11"
"sport resort","888","$80.00","88.00","3","6","2","6","5","1","11","1","9","3","5","3"
"sport research d3","888","$80.00","88.00","11","11","7","7","3","11","1","11","9","6","7","7"
"sport style","888","$80.00","88.00","4","1","3","8","1","7","11","3","7","7","9","3"
"sport shop","888","$80.00","88.00","4","7","10","11","4","6","9","7","2","9","10","5"
"sport suit","888","$80.00","88.00","10","10","3","3","1","11","5","8","10","10","5","5"
"sport sports","888","$80.00","88.00","11","5","4","2","4","5","3","9","5","10","10","1"
"sport smart watch","888","$80.00","88.00","9","6","11","8","11","11","10","8","7","6","11","10"
"sport shoes","888","$80.00","88.00","2","6","4","4","1","3","1","2","8","6","8","1"
"sport synonym","888","$80.00","88.00","3","3","1","7","9","11","11","11","11","7","11","5"
"sport season","888","$80.00","88.00","5","11","11","9","3","3","2","5","9","9","3","5"
"sport town","888","$80.00","88.00","8","10","7","2","8","11","2","6","10","4","4","6"
"sport tv","888","$80.00","88.00","10","10","6","2","2","6","3","6","11","9","5","3"
"sport topic","888","$80.00","88.00","1","3","2","4","10","2","1","10","9","2","11","3"
"sport tech product x7","888","$80.00","88.00","6","11","6","7","1","9","2","8","11","7","7","3"
"sport tv 1","888","$80.00","88.00","1","11","7","5","2","1","1","9","9","2","9","8"
"sport technology nutrition","888","$80.00","88.00","5","7","8","9","3","2","2","4","2","3","4","7"
"sport.ua","888","$80.00","88.00","7","2","2","4","2","4","4","9","2","1","4","6"
"sport uz","888","$80.00","88.00","6","9","9","10","6","3","5","1","6","8","8","7"
"sport utility vehicle","888","$80.00","88.00","4","11","4","10","2","6","7","6","6","11","6","3"
"sport univer","888","$80.00","88.00","7","4","10","4","2","6","10","1","11","2","2","10"
"sport universe","888","$80.00","88.00","6","3","3","3","8","6","10","4","10","1","9","1"
"sport uzbekistan","888","$80.00","88.00","11","4","3","7","5","5","1","9","8","5","10","1"
"sport usa","888","$80.00","88.00","3","5","11","4","6","3","11","4","6","5","4","11"
"sport vocabulary","888","$80.00","88.00","4","8","3","11","2","1","4","2","10","9","9","7"
"sport vision","888","$80.00","88.00","2","11","3","8","10","8","2","11","8","5","11","6"
"sport vs sports","888","$80.00","88.00","6","8","6","6","11","1","2","3","6","5","3","3"
"sport vocabulary ielts","888","$80.00","88.00","2","11","8","8","10","9","1","1","8","10","8","10"
"sport video","888","$80.00","88.00","2","3","7","1","6","5","1","9","9","6","1","2"
"sport vokrug","888","$80.00","88.00","3","2","7","5","3","5","11","1","4","9","9","10"
"sport vivaro","888","$80.00","88.00","6","8","10","9","2","4","7","5","6","10","8","2"
"sport verb","888","$80.00","88.00","6","1","5","1","4","11","11","5","3","10","7","6"
"sport weapon custom","888","$80.00","88.00","11","1","6","8","3","2","4","10","2","11","2","10"
"sport watch","888","$80.00","88.00","5","10","7","3","5","10","3","3","5","10","7","2"
"sport worksheets","888","$80.00","88.00","3","6","9","4","7","8","2","11","1","2","6","6"
"sport wordwall","888","$80.00","88.00","1","1","6","6","6","1","5","5","8","2","7","11"
"sport watch jet sport sw1","888","$80.00","88.00","1","8","5","7","6","5","2","4","4","1","4","1"
"sport x win","888","$80.00","88.00","3","6","4","8","5","10","10","2","6","3","9","9"
"sport xyz","888","$80.00","88.00","6","10","2","2","11","10","10","1","4","3","1","3"
"sport x","888","$80.00","88.00","1","5","1","5","3","10","11","6","9","11","6","6"
"sport x5","888","$80.00","88.00","8","4","11","9","10","1","8","9","6","2","4","2"
"sport xabarlari","888","$80.00","88.00","6","4","4","8","1","7","6","10","10","9","10","1"
"sport xl","888","$80.00","88.00","9","8","2","7","8","2","9","9","2","4","5","6"
"sport xabarlari uz","888","$80.00","88.00","10","2","5","5","8","5","10","9","11","2","2","4"
"sport xanut","888","$80.00","88.00","3","7","9","6","6","2","8","6","11","5","8","2"
"sport yangiliklari","888","$80.00","88.00","9","7","3","11","9","2","7","9","5","1","5","5"
"sport yandex","888","$80.00","88.00","7","9","3","8","9","6","11","5","2","10","3","9"
"sport yakutia","888","$80.00","88.00","11","4","3","4","10","9","3","3","5","10","10","8"
"sport yachts","888","$80.00","88.00","9","1","5","4","11","3","7","6","2","11","5","4"
"sport yangiliklari ufc","888","$80.00","88.00","4","8","7","9","4","11","7","6","2","2","2","9"
"sport yangiliklari boks","888","$80.00","88.00","8","5","3","9","1","8","11","5","1","7","1","10"
"sport yerevan","888","$80.00","88.00","3","2","1","2","4","3","5","5","8","3","8","11"
"sport yulduzlari","888","$80.00","88.00","5","2","6","8","9","7","9","5","4","3","3","8"
"sport zone","888","$80.00","88.00","1","10","8","2","3","5","8","2","4","9","2","1"
"sport zone apk","888","$80.00","88.00","2","10","4","11","9","3","10","8","4","6","3","10"
"sport zania","888","$80.00","88.00","9","8","1","7","1","6","11","1","3","7","5","11"
"sport zone tv","888","$80.00","88.00","8","4","9","6","5","10","7","5","7","5","6","9"
"sport zallari","888","$80.00","88.00","1","10","4","1","3","4","5","7","7","9","6","9"
"sport 003","888","$80.00","88.00","2","8","7","1","7","4","9","8","2","5","4","9"
"sport 007","888","$80.00","88.00","2","4","2","10","9","6","11","8","11","8","4","7"
"sport 005","888","$80.00","88.00","3","3","2","10","5","10","3","5","1","9","5","10"
"sport 007 tv","888","$80.00","88.00","3","10","8","8","7","7","7","2","4","9","11","4"
"sport 07","888","$80.00","88.00","11","4","4","7","2","9","11","3","3","6","11","6"
"sport 050","888","$80.00","88.00","3","8","6","5","6","8","3","11","11","11","8","5"
"sport 018","888","$80.00","88.00","1","2","10","9","7","7","1","4","8","11","4","8"
"sport 01","888","$80.00","88.00","6","8","10","7","2","1","9","3","3","6","6","9"
"sport 1 israel","888","$80.00","88.00","2","11","1","11","9","6","6","1","7","9","1","3"
"sport 1 baltic","888","$80.00","88.00","3","11","4","1","10","2","5","10","5","10","1","2"
"sport 164","888","$80.00","88.00","10","10","1","2","8","6","7","2","1","7","5","6"
"sport 1","888","$80.00","88.00","1","6","9","5","1","9","3","7","3","11","8","3"
"sport 1 israel tv guide","888","$80.00","88.00","8","5","6","6","11","7","8","9","6","9","1","1"
"sport 1 tv","888","$80.00","88.00","7","8","6","10","4","3","9","4","8","10","9","1"
"sport 1 hd","888","$80.00","88.00","9","10","11","9","3","4","11","6","4","10","6","1"
"sport 24","888","$80.00","88.00","4","9","11","6","7","9","11","5","10","11","6","5"
"sport 24 live","888","$80.00","88.00","2","10","11","9","10","10","11","6","10","10","2","2"
"sport 24 tv","888","$80.00","88.00","10","11","2","10","8","11","5","5","8","5","1","11"
"sport 24  1","888","$80.00","88.00","5","6","9","5","7","1","4","6","4","5","2","8"
"sport 2000","888","$80.00","88.00","1","7","2","1","10","2","2","6","11","1","4","4"
"sport 24 f1","888","$80.00","88.00","1","11","4","3","10","7","5","3","6","6","9","6"
"sport 2022","888","$80.00","88.00","6","1","11","10","2","10","3","1","5","5","11","6"
"sport 247","888","$80.00","88.00","3","2","1","5","7","4","2","3","2","2","5","2"
"sport 365","888","$80.00","88.00","4","10","2","6","5","7","10","9","8","2","11","9"
"sport 3 ps2","888","$80.00","88.00","10","7","5","7","1","6","2","8","4","9","5","9"
"sport 3 cordiant","888","$80.00","88.00","11","7","4","5","9","3","3","6","11","4","1","6"
"sport 306m","888","$80.00","88.00","8","2","6","8","1","8","2","7","6","11","1","6"
"sport 365 football","888","$80.00","88.00","2","6","8","2","6","8","9","6","10","8","11","2"
"sport 365 live","888","$80.00","88.00","2","11","5","5","10","6","8","7","1","6","10","4"
"sport 360","888","$80.00","88.00","3","6","3","10","5","7","8","8","2","11","8","7"
"sport 306","888","$80.00","88.00","11","7","5","9","8","4","4","8","11","10","11","7"
"sport 4x4","888","$80.00","88.00","7","8","3","10","9","8","3","9","7","10","2","9"
"sport 46","888","$80.00","88.00","8","6","2","2","7","9","5","2","4","5","8","6"
"sport 4 you","888","$80.00","88.00","8","7","2","5","4","2","10","1","2","9","5","2"
"sport 42","888","$80.00","88.00","6","2","8","11","8","3","9","6","2","3","9","3"
"sport 4 life","888","$80.00","88.00","3","3","11","11","2","9","9","5","6","5","10","5"
"sport 4u","888","$80.00","88.00","4","9","6","11","10","10","7","11","6","6","2","10"
"sport 4 israel","888","$80.00","88.00","8","1","3","4","6","10","4","1","1","5","5","9"
"sport 4k","888","$80.00","88.00","2","11","7","8","7","8","10","11","6","1","6","10"
"sport 5 plus","888","$80.00","88.00","1","7","1","4","1","8","1","3","2","4","11","1"
"sport 51","888","$80.00","88.00","11","5","10","4","10","2","8","10","11","1","3","6"
"sport 5 grade","888","$80.00","88.00","11","2","2","11","6","5","10","2","11","3","3","2"
"sport 5 israel tv guide","888","$80.00","88.00","3","7","11","10","5","2","4","2","11","9","8","9"
"sport 5 grade lesson plan","888","$80.00","88.00","8","1","9","8","2","11","9","8","2","3","2","9"
"sport 5","888","$80.00","88.00","7","6","2","5","6","4","8","2","11","2","2","5"
"sport 59","888","$80.00","88.00","1","9","7","6","1","3","5","7","8","10","10","3"
"sport 6","888","$80.00","88.00","9","6","4","4","5","2","2","1","9","8","8","5"
"sport 61","888","$80.00","88.00","3","6","1","10","6","1","1","6","5","8","2","2"
"sport 69","888","$80.00","88.00","9","7","1","5","5","11","5","3","6","4","7","5"
"sport 6 letters","888","$80.00","88.00","9","2","6","2","6","4","8","5","7","2","9","7"
"sport 6.0 zara","888","$80.00","88.00","9","6","11","7","7","4","6","6","3","9","7","4"
"sport 63","888","$80.00","88.00","6","4","2","5","9","9","1","3","7","4","7","7"
"sport 65","888","$80.00","88.00","2","3","7","7","5","3","8","7","11","3","9","8"
"sport 60","888","$80.00","88.00","7","11","8","4","6","4","7","1","8","3","5","3"
"sport 708","888","$80.00","88.00","6","10","7","8","2","10","10","8","2","7","2","9"
"sport 704","888","$80.00","88.00","10","1","9","2","4","11","2","1","3","2","5","7"
"sport 705","888","$80.00","88.00","2","6","1","8","2","11","3","11","10","1","11","8"
"sport 78","888","$80.00","88.00","5","1","8","4","7","4","8","2","3","8","9","5"
"sport 7","888","$80.00","88.00","8","9","7","10","9","7","5","2","4","11","11","2"
"sport 7 form","888","$80.00","88.00","6","1","8","3","6","9","3","3","2","7","1","11"
"sport 777","888","$80.00","88.00","7","9","6","10","11","7","10","9","6","11","7","6"
"sport 85","888","$80.00","88.00","8","8","6","4","11","9","11","9","7","5","7","7"
"sport 888","888","$80.00","88.00","6","8","3","10","2","6","2","1","5","8","3","7"
"sport 890","888","$80.00","88.00","4","5","4","5","11","3","4","1","8","3","11","8"
"sport 80","888","$80.00","88.00","3","2","10","8","2","1","11","7","9","6","9","7"
"sport 800 toyota","888","$80.00","88.00","7","2","11","4","3","3","3","1","4","8","3","2"
"sport 88","888","$80.00","88.00","10","9","9","10","8","9","9","11","3","7","7","4"
"sport 85 pomezia","888","$80.00","88.00","6","11","8","11","8","9","1","6","4","8","5","1"
"sport 85 latina","888","$80.00","88.00","7","5","6","1","3","9","2","7","8","10","6","7"
"sport 96","888","$80.00","88.00","3","5","9","3","7","2","2","4","5","7","7","10"
"sport 90","888","$80.00","88.00","5","7","7","7","10","11","5","6","11","7","2","9"
"sport 95","888","$80.00","88.00","1","9","1","2","3","2","3","5","8","5","8","10"
"sport 9.0 zara","888","$80.00","88.00","1","2","2","7","3","4","9","10","2","7","5","2"
"sport 99","888","$80.00","88.00","8","2","4","10","7","8","1","10","6","5","1","7"
"sport 98","888","$80.00","88.00","3","10","1","9","1","11","10","11","4","3","7","1"
"sport 97","888","$80.00","88.00","3","6","1","7","7","8","8","11","1","8","6","7"
"sport 95 live","888","$80.00","88.00","8","10","6","4","1","3","4","5","1","7","3","11"
"sport about essay","888","$80.00","88.00","8","3","7","6","7","8","3","11","10","3","1","11"
"sport about you","888","$80.00","88.00","1","3","6","10","8","7","9","10","11","8","6","5"
"sport about equipment","888","$80.00","88.00","9","11","8","1","9","2","7","11","2","3","5","2"
"sport about graphics","888","$80.00","88.00","8","5","4","7","11","2","1","3","2","4","1","11"
"sport about vista","888","$80.00","88.00","1","6","5","6","11","4","9","7","8","7","8","5"
"sport about running","888","$80.00","88.00","11","3","4","7","8","7","2","3","9","7","9","2"
"sport about apparel","888","$80.00","88.00","6","1","3","6","8","5","2","10","11","9","1","5"
"sport about napa","888","$80.00","88.00","4","5","9","5","6","1","9","2","4","9","3","7"
"sport after covid","888","$80.00","88.00","5","2","8","8","3","6","1","4","5","6","11","8"
"sport after vaccine","888","$80.00","88.00","6","1","2","8","11","11","3","1","1","8","9","1"
"sport after food","888","$80.00","88.00","10","10","6","5","4","7","1","5","9","7","5","2"
"sport after stroke","888","$80.00","88.00","4","10","11","11","2","8","7","11","4","8","2","10"
"sport after cesarean section","888","$80.00","88.00","2","9","7","7","6","1","1","6","11","4","2","8"
"sport after facelift","888","$80.00","88.00","4","11","4","1","3","4","10","11","1","8","3","11"
"sport after covid vaccine","888","$80.00","88.00","3","11","11","6","3","2","1","4","3","2","7","2"
"sport after concussion","888","$80.00","88.00","4","8","9","11","11","3","4","7","1","2","10","5"
"sport against stress","888","$80.00","88.00","2","10","4","8","3","8","9","7","9","3","8","3"
"sport against war","888","$80.00","88.00","9","9","10","3","9","3","4","8","5","11","5","2"
"sport against poverty","888","$80.00","88.00","9","2","2","9","5","6","5","4","4","7","3","3"
"sport against violence","888","$80.00","88.00","11","9","3","9","7","11","5","8","11","11","11","10"
"sport against drugs","888","$80.00","88.00","2","7","5","8","10","2","2","1","4","3","11","9"
"sport against depression","888","$80.00","88.00","1","1","7","6","9","6","5","7","10","8","10","5"
"sport against anxiety","888","$80.00","88.00","8","1","4","3","10","1","8","6","10","2","3","1"
"sport against covid","888","$80.00","88.00","6","1","7","8","4","10","2","5","11","10","5","2"
"most popular sport among africanamericans","888","$80.00","88.00","1","5","2","10","2","1","5","10","3","4","10","4"
"most popular sport among american youth","888","$80.00","88.00","1","6","8","6","4","6","10","5","7","5","1","8"
"popular sport among rivers","888","$80.00","88.00","7","5","6","7","2","5","4","1","1","4","8","9"
"sport participation among students","888","$80.00","88.00","9","7","10","10","7","4","5","8","11","2","1","3"
"popular sport among youth","888","$80.00","88.00","7","4","10","10","3","1","11","9","10","4","3","5"
"aci game sport among us","888","$80.00","88.00","1","7","11","7","8","8","10","8","6","7","6","8"
"most popular sport among youth","888","$80.00","88.00","1","6","3","1","2","1","8","3","6","11","1","4"
"sport promoting understanding among nations","888","$80.00","88.00","3","7","10","10","9","10","9","8","11","10","10","4"
"sport and health","888","$80.00","88.00","6","7","3","1","4","5","10","9","7","8","5","1"
"sport and healthy lifestyle","888","$80.00","88.00","11","9","5","5","9","3","9","1","1","9","3","1"
"sport and healthy way of life","888","$80.00","88.00","4","4","10","2","4","1","4","7","11","7","1","10"
"sport and politics","888","$80.00","88.00","7","2","2","7","5","11","4","9","7","1","4","10"
"sport and fun","888","$80.00","88.00","2","7","6","5","4","10","9","6","2","4","10","8"
"sport area room","888","$80.00","88.00","8","8","9","8","9","2","4","8","10","6","8","5"
"sport arena tv live","888","$80.00","88.00","11","8","3","1","6","8","2","6","6","9","6","3"
"sport area","888","$80.00","88.00","10","11","10","7","9","6","5","5","8","1","6","11"
"sport arena mylenice","888","$80.00","88.00","10","3","7","2","7","2","11","1","10","11","3","5"
"sport around the world","888","$80.00","88.00","9","9","2","6","9","5","8","9","11","10","7","4"
"sport around me","888","$80.00","88.00","4","10","10","10","11","3","7","5","8","10","1","2"
"sport around the world today","888","$80.00","88.00","8","3","8","8","11","8","8","7","9","7","10","7"
"sport around the word","888","$80.00","88.00","9","3","5","10","5","1","8","10","11","2","8","8"
"sport around meaning","888","$80.00","88.00","5","4","7","2","3","8","11","6","3","2","8","11"
"sport around gent","888","$80.00","88.00","5","9","6","6","2","5","7","1","4","8","9","10"
"sport around the world quiz","888","$80.00","88.00","9","11","6","9","8","6","7","9","7","11","9","7"
"sport around here","888","$80.00","88.00","9","11","3","4","7","3","3","11","9","11","3","1"
"sport athletics","888","$80.00","88.00","8","9","4","3","6","10","2","7","6","9","5","2"
"sport at school","888","$80.00","88.00","10","3","3","7","9","2","1","2","2","11","8","3"
"sport atlet","888","$80.00","88.00","1","7","2","4","11","2","4","11","7","9","2","4"
"sport atamalari","888","$80.00","88.00","10","9","7","8","9","2","10","2","9","10","11","7"
"sport at home","888","$80.00","88.00","11","3","6","1","7","6","9","8","8","1","8","9"
"sport atamasiga tushuncha","888","$80.00","88.00","6","7","1","3","7","3","6","5","4","7","10","1"
"sport atv","888","$80.00","88.00","10","5","10","10","3","3","3","11","10","1","6","6"
"sport before vaccine","888","$80.00","88.00","5","8","5","1","1","5","3","4","7","5","7","5"
"sport before sleep","888","$80.00","88.00","4","4","5","2","3","4","4","9","9","1","3","8"
"sport before or after breakfast","888","$80.00","88.00","2","5","3","2","7","8","5","8","4","10","7","6"
"sport before covid vaccine","888","$80.00","88.00","11","11","4","5","6","9","5","1","6","6","2","4"
"sport before breakfast","888","$80.00","88.00","5","1","11","3","4","11","11","8","3","4","11","10"
"sport before or after eating","888","$80.00","88.00","4","10","7","7","5","6","6","2","3","6","3","8"
"sport before the industrial revolution","888","$80.00","88.00","6","5","8","9","4","7","2","5","3","4","3","5"
"sport before or after dinner","888","$80.00","88.00","3","10","7","10","2","10","9","4","2","3","11","9"
"sport best fashion","888","$80.00","88.00","9","7","2","3","8","8","3","3","2","8","9","7"
"sport best moments","888","$80.00","88.00","11","7","8","7","8","5","2","10","2","6","3","5"
"sport best fashion brand","888","$80.00","88.00","4","2","6","7","4","6","11","8","2","11","2","7"
"sport best fashion soccer jerseys","888","$80.00","88.00","6","4","8","6","8","1","2","9","4","6","6","11"
"sport best shoes","888","$80.00","88.00","9","8","10","11","4","11","10","3","2","8","6","6"
"sport best bike","888","$80.00","88.00","2","1","7","1","6","1","4","11","5","3","5","10"
"sport best movies","888","$80.00","88.00","7","5","7","3","8","5","3","2","1","4","3","3"
"sport between tennis and squash","888","$80.00","88.00","6","8","5","3","8","7","3","2","1","9","7","1"
"bt sport between the lines","888","$80.00","88.00","3","7","6","3","7","4","6","5","8","11","9","8"
"difference between sport and game","888","$80.00","88.00","4","6","2","4","3","1","4","1","1","11","5","2"
"difference between sport coat and blazer","888","$80.00","88.00","4","6","10","10","6","9","3","9","7","1","2","1"
"difference between sport and sports","888","$80.00","88.00","5","5","5","10","3","7","5","10","1","1","11","7"
"difference between sport and conservation fishing license","888","$80.00","88.00","6","2","5","8","3","7","1","7","4","9","11","3"
"difference between sport and exercise","888","$80.00","88.00","8","3","7","7","4","9","10","6","5","11","8","1"
"relationship between sport and politics","888","$80.00","88.00","3","9","4","11","5","2","5","2","4","9","11","10"
"sport buyumlari","888","$80.00","88.00","2","10","5","5","2","9","3","4","10","3","8","1"
"sport buyumlari dokoni","888","$80.00","88.00","2","7","11","4","1","1","10","7","8","4","1","6"
"sport buyumlari narxlari","888","$80.00","88.00","4","11","9","7","3","8","10","1","9","8","10","9"
"buy sport shoes","888","$80.00","88.00","9","10","6","1","3","2","8","3","4","4","4","11"
"buy sport shoes online","888","$80.00","88.00","6","8","7","3","8","4","4","1","1","2","6","9"
"buy sport car","888","$80.00","88.00","2","4","1","11","9","7","9","11","3","7","6","2"
"buy sport clothes online","888","$80.00","88.00","8","4","4","1","2","6","9","3","11","10","1","7"
"buy sport tickets","888","$80.00","88.00","5","9","2","8","7","2","3","10","6","2","9","9"
"sport bike","888","$80.00","88.00","6","9","5","10","7","5","6","11","3","2","10","10"
"sport bild","888","$80.00","88.00","8","5","10","9","2","10","3","10","5","4","11","11"
"sport bist.ru","888","$80.00","88.00","3","2","10","4","4","11","1","8","6","1","10","7"
"sport bible","888","$80.00","88.00","9","7","4","3","6","2","6","1","10","4","5","4"
"sport biznes online","888","$80.00","88.00","4","1","10","7","6","10","3","7","1","3","8","9"
"sport by country","888","$80.00","88.00","6","7","7","2","1","8","6","10","7","7","7","7"
"sport canli","888","$80.00","88.00","7","7","6","3","4","1","3","4","1","1","10","9"
"sport canada","888","$80.00","88.00","4","2","3","3","4","5","6","9","1","10","6","4"
"sport canli izle","888","$80.00","88.00","4","7","7","1","7","1","3","4","1","8","4","3"
"sport canta","888","$80.00","88.00","11","7","1","4","5","1","5","8","2","8","8","6"
"sport canal","888","$80.00","88.00","6","6","8","5","8","3","3","3","1","3","1","4"
"sport cantilever 30mm mount","888","$80.00","88.00","10","8","4","10","5","6","6","3","6","5","6","3"
"sport canada news","888","$80.00","88.00","5","2","11","4","4","3","7","9","7","1","7","9"
"sport cheap cars","888","$80.00","88.00","6","4","2","10","1","7","11","5","10","3","10","4"
"sport cheapest","888","$80.00","88.00","5","3","10","5","10","11","3","4","5","11","7","8"
"sport cheap motorcycles","888","$80.00","88.00","7","4","11","4","9","9","9","11","7","9","6","10"
"sport cheap tires","888","$80.00","88.00","4","11","5","7","6","3","11","8","7","11","6","8"
"sport cheap jersey","888","$80.00","88.00","2","8","11","10","7","5","3","11","3","5","5","3"
"sport cheap boat","888","$80.00","88.00","8","6","7","9","5","1","11","9","8","11","3","11"
"sport cheap nike shoes","888","$80.00","88.00","1","2","11","3","9","7","9","7","5","9","10","3"
"cheapest sport cars","888","$80.00","88.00","1","9","6","4","6","4","3","5","5","4","6","4"
"sport diddy","888","$80.00","88.00","4","9","3","4","4","1","10","8","2","1","1","5"
"sport didactics","888","$80.00","88.00","10","4","6","5","1","3","9","10","3","3","10","11"
"sport didi","888","$80.00","88.00","6","9","9","11","3","7","4","5","7","9","6","3"
"sport diderot","888","$80.00","88.00","2","10","10","7","11","4","11","8","9","11","9","4"
"sport didaktik","888","$80.00","88.00","10","5","2","5","4","1","8","2","1","10","2","8"
"sport didaktik fau","888","$80.00","88.00","6","3","6","2","7","6","11","2","10","3","2","5"
"sport didam","888","$80.00","88.00","7","7","10","8","7","5","1","4","2","4","7","9"
"sport doma","888","$80.00","88.00","4","11","6","4","6","8","4","9","7","3","1","6"
"sport doc","888","$80.00","88.00","6","10","7","1","6","8","7","9","2","1","7","7"
"sport do play go","888","$80.00","88.00","11","8","7","10","7","4","5","6","9","2","9","1"
"sport dom","888","$80.00","88.00","3","8","2","8","5","6","6","1","4","6","6","5"
"sport doma 74","888","$80.00","88.00","7","5","5","2","1","1","1","8","8","11","3","10"
"sport dokoni","888","$80.00","88.00","3","10","4","1","7","10","4","3","1","4","4","10"
"sport dokon","888","$80.00","88.00","5","6","6","3","10","8","7","1","6","10","11","4"
"sport does not build character","888","$80.00","88.00","5","11","6","5","8","5","7","4","8","2","2","4"
"sport doesnt build character it reveals it","888","$80.00","88.00","11","2","6","8","9","11","3","8","3","8","7","8"
"sport does not use a ball","888","$80.00","88.00","4","6","7","1","6","7","6","2","6","8","8","10"
"sport does it mean","888","$80.00","88.00","3","8","8","5","3","9","7","1","8","5","5","11"
"sport doesburg","888","$80.00","88.00","4","3","2","11","6","3","7","11","5","11","7","8"
"does sport build character","888","$80.00","88.00","3","11","3","3","4","10","1","5","2","11","4","8"
"does sport help mental health","888","$80.00","88.00","7","1","3","6","10","5","6","9","9","11","5","10"
"does sport make you taller","888","$80.00","88.00","3","1","1","9","11","4","6","11","5","4","9","6"
"sport during period","888","$80.00","88.00","4","1","10","8","5","5","6","8","10","1","6","9"
"sport during omicron","888","$80.00","88.00","2","11","4","10","4","11","3","7","6","5","7","7"
"sport during covid","888","$80.00","88.00","1","7","11","7","10","1","1","2","8","10","5","11"
"sport during pregnancy","888","$80.00","88.00","2","1","8","2","6","6","9","6","10","2","10","5"
"sport during ww2","888","$80.00","88.00","8","1","9","1","1","1","1","7","11","6","8","2"
"sport during cold war","888","$80.00","88.00","7","4","4","10","10","9","8","3","2","2","11","2"
"sport during covid 19","888","$80.00","88.00","11","3","2","6","1","11","5","7","7","6","1","5"
"sport during lockdown","888","$80.00","88.00","4","2","11","10","2","3","2","4","4","8","6","5"
"sport force mitas","888","$80.00","88.00","2","9","7","3","2","11","1","9","2","10","3","3"
"sport fora","888","$80.00","88.00","6","1","7","3","5","2","9","1","8","7","1","7"
"sport fortis","888","$80.00","88.00","7","4","2","5","9","9","2","5","3","11","2","3"
"sport formasi","888","$80.00","88.00","7","2","10","2","7","9","7","9","7","8","6","6"
"sport formalari","888","$80.00","88.00","9","7","10","8","5","9","4","5","5","11","9","1"
"sport for all","888","$80.00","88.00","11","2","4","9","1","1","1","2","5","3","9","4"
"sport formasi taraqqiyotining qonuniyatlari","888","$80.00","88.00","3","2","2","3","9","8","5","5","5","10","8","11"
"sport from a to z","888","$80.00","88.00","5","2","11","7","1","5","8","1","8","8","10","5"
"sport from a to z test","888","$80.00","88.00","3","4","1","7","6","3","8","1","2","10","5","4"
"sport from england","888","$80.00","88.00","6","6","4","3","5","2","3","1","6","3","6","4"
"sport from c","888","$80.00","88.00","3","11","8","2","7","11","9","11","4","3","11","9"
"sport from ireland","888","$80.00","88.00","2","2","8","10","11","5","11","4","6","4","11","9"
"sport from letter o","888","$80.00","88.00","3","9","6","1","6","9","3","2","11","4","8","10"
"sport how does the world need it","888","$80.00","88.00","3","4","4","5","6","2","10","8","6","4","8","1"
"sport howard carpendale","888","$80.00","88.00","2","6","1","11","9","2","1","3","5","7","11","5"
"how sport is important","888","$80.00","88.00","3","11","6","7","1","9","2","5","8","10","8","5"
"how sport good","888","$80.00","88.00","11","6","2","7","8","3","2","1","8","1","11","10"
"how sport is fun","888","$80.00","88.00","11","1","1","2","11","9","11","8","11","5","11","10"
"how sport marketing","888","$80.00","88.00","10","1","2","2","11","11","5","1","3","5","4","1"
"how sport for development","888","$80.00","88.00","8","2","3","4","2","11","10","9","1","1","10","4"
"how sport tennis","888","$80.00","88.00","2","5","2","5","1","3","10","2","11","7","8","10"
"sport in russia","888","$80.00","88.00","5","11","7","7","2","11","10","7","11","4","8","10"
"sport into hindi","888","$80.00","88.00","2","6","11","1","8","5","10","8","10","7","11","9"
"sport into meaning","888","$80.00","88.00","6","10","4","1","9","8","6","8","1","6","10","3"
"sport into urdu","888","$80.00","88.00","4","7","7","10","3","5","4","5","5","1","1","8"
"sport into past tense","888","$80.00","88.00","2","1","9","7","1","1","5","11","2","10","5","10"
"sport into sentence","888","$80.00","88.00","2","8","9","1","7","3","4","7","5","9","2","8"
"sport into syllables","888","$80.00","88.00","11","5","6","3","4","11","3","2","10","2","10","1"
"sport into a noun","888","$80.00","88.00","8","8","11","1","7","7","9","1","7","7","9","4"
"sport is very important in our life","888","$80.00","88.00","6","4","1","11","10","7","7","3","10","4","2","10"
"sport is important in our life","888","$80.00","88.00","8","7","5","4","7","9","10","9","5","5","11","10"
"sport is very popular among","888","$80.00","88.00","1","4","5","1","8","5","5","3","11","4","9","4"
"sport is life","888","$80.00","88.00","3","9","9","1","5","10","8","7","8","1","7","10"
"sport is out of politics","888","$80.00","88.00","6","10","5","2","2","7","10","4","9","1","2","9"
"sport is very important for me","888","$80.00","88.00","2","2","9","4","6","3","4","7","9","5","6","11"
"sport is fun","888","$80.00","88.00","3","9","8","2","9","5","5","9","11","3","2","10"
"sport is my hobby","888","$80.00","88.00","4","8","7","3","8","2","11","1","8","4","9","5"
"sport like tennis","888","$80.00","88.00","7","2","5","4","2","1","5","3","3","1","2","1"
"sport like field hockey","888","$80.00","88.00","6","7","2","4","9","7","8","9","3","9","5","8"
"sport like bobsled","888","$80.00","88.00","6","7","2","8","6","10","4","6","1","2","11","10"
"sport like basketball","888","$80.00","88.00","10","5","8","7","11","6","3","1","11","10","7","4"
"sport like bowling","888","$80.00","88.00","10","8","3","9","5","6","7","7","3","10","5","10"
"sport like hockey","888","$80.00","88.00","6","8","2","7","5","6","9","8","11","8","5","6"
"sport like baseball","888","$80.00","88.00","6","4","7","1","1","4","1","3","10","1","4","1"
"sport like football","888","$80.00","88.00","7","7","10","8","2","6","6","8","5","3","7","3"
"sport near me","888","$80.00","88.00","1","9","4","2","1","4","1","11","5","2","6","1"
"nearest sport shop","888","$80.00","88.00","9","9","8","11","9","3","7","2","11","3","3","11"
"near sport shop","888","$80.00","88.00","10","1","5","2","1","1","9","8","3","11","3","11"
"nearby sport shop","888","$80.00","88.00","7","6","7","3","8","3","7","8","6","6","2","5"
"nearby sport stores","888","$80.00","88.00","5","5","5","8","10","9","2","6","6","9","4","7"
"near sport direct","888","$80.00","88.00","4","2","5","4","6","5","10","3","5","10","9","7"
"sport clips near me","888","$80.00","88.00","5","3","11","8","9","1","9","10","11","8","7","2"
"sport stores near me","888","$80.00","88.00","7","8","10","8","4","6","3","9","6","2","7","3"
"sport of kings","888","$80.00","88.00","3","6","10","3","1","5","4","9","11","3","6","10"
"sport of sailing","888","$80.00","88.00","11","6","8","6","6","8","11","5","7","5","1","8"
"sport of uzbekistan","888","$80.00","88.00","11","6","6","1","2","4","5","4","11","3","2","11"
"sport of great britain","888","$80.00","88.00","1","3","6","7","6","6","4","2","6","10","6","1"
"sport of uk","888","$80.00","88.00","6","3","5","7","4","7","3","3","10","3","4","11"
"sport of the usa","888","$80.00","88.00","1","4","4","6","6","6","8","2","8","6","8","2"
"sport of all","888","$80.00","88.00","6","7","6","3","5","1","8","4","4","1","11","4"
"sport of athletics","888","$80.00","88.00","11","9","8","10","2","1","9","7","7","10","4","6"
"sport online hd","888","$80.00","88.00","10","9","10","6","5","10","5","4","2","2","3","1"
"sport one","888","$80.00","88.00","8","2","9","4","4","9","1","5","8","3","9","8"
"sport on letter x","888","$80.00","88.00","7","1","7","11","6","11","2","6","8","9","5","9"
"sport online kz","888","$80.00","88.00","3","3","9","3","5","6","3","4","4","6","3","7"
"sport on letter z","888","$80.00","88.00","1","3","6","3","7","2","8","1","7","9","9","3"
"sport on letter o","888","$80.00","88.00","3","11","3","10","5","7","7","1","5","2","4","1"
"sport on letter u","888","$80.00","88.00","11","10","6","9","5","10","3","9","9","1","6","11"
"sport or sports difference","888","$80.00","88.00","7","8","4","3","7","5","10","7","9","3","7","1"
"sport or sports grammar","888","$80.00","88.00","8","6","11","7","3","2","5","7","8","2","1","2"
"sport original","888","$80.00","88.00","11","5","6","11","8","2","3","9","9","10","3","3"
"sport original ua","888","$80.00","88.00","6","10","3","7","11","3","3","5","5","9","5","1"
"sport outlet","888","$80.00","88.00","6","4","9","3","10","3","8","3","7","9","6","7"
"sport outfit","888","$80.00","88.00","5","3","5","9","3","11","11","1","9","9","3","2"
"sport outlet rezekne","888","$80.00","88.00","10","7","8","7","2","3","11","8","4","3","2","9"
"sport outlet online","888","$80.00","88.00","9","1","10","1","5","10","2","10","1","11","3","3"
"sport outlet riga","888","$80.00","88.00","3","8","10","7","6","3","3","8","3","9","8","9"
"sport out of politics","888","$80.00","88.00","3","4","8","1","5","1","2","1","11","3","4","8"
"sport out shop","888","$80.00","88.00","9","10","1","4","1","9","4","3","1","5","1","3"
"sport outdoor","888","$80.00","88.00","5","1","10","1","3","4","3","1","4","3","1","3"
"sport overall","888","$80.00","88.00","4","4","9","11","2","2","2","10","8","4","6","1"
"sport overall damen","888","$80.00","88.00","3","1","7","10","2","6","8","1","7","11","1","5"
"sport over ear headphones","888","$80.00","88.00","5","8","1","4","8","9","7","8","7","3","11","1"
"sport over ear headphones wireless","888","$80.00","88.00","6","11","10","1","10","2","2","8","7","3","11","2"
"sport overtime","888","$80.00","88.00","6","7","3","1","5","8","2","3","5","9","10","4"
"sport overhead headphones","888","$80.00","88.00","1","6","2","8","10","8","8","6","2","5","3","4"
"sport overload","888","$80.00","88.00","1","3","11","5","9","5","9","7","6","9","5","4"
"sport overuse","888","$80.00","88.00","7","10","1","2","4","3","3","1","5","9","5","10"
"sport price bike","888","$80.00","88.00","4","3","7","2","1","3","7","11","11","8","10","10"
"sport price bag","888","$80.00","88.00","2","10","1","1","10","1","11","5","10","10","9","4"
"price sport car","888","$80.00","88.00","9","7","6","8","3","4","11","2","2","8","3","7"
"prices sport clips","888","$80.00","88.00","1","2","6","10","1","5","4","6","4","2","8","11"
"price sport mr","888","$80.00","88.00","7","2","4","3","3","3","5","7","5","8","6","5"
"tvs sport price","888","$80.00","88.00","8","5","2","10","5","7","3","1","8","4","6","1"
"pajero sport price","888","$80.00","88.00","2","5","9","2","10","5","2","9","11","7","11","10"
"sport review essay","888","$80.00","88.00","11","9","8","5","9","3","4","6","4","6","4","3"
"review sport watch","888","$80.00","88.00","3","7","11","9","6","4","8","1","8","8","2","2"
"review sport shoes","888","$80.00","88.00","1","7","5","1","8","5","10","4","11","7","9","1"
"review sport loop apple watch","888","$80.00","88.00","2","9","3","6","10","3","1","4","5","6","9","2"
"review sport glide","888","$80.00","88.00","1","3","1","4","2","8","8","6","2","1","10","9"
"reviews sport conrad","888","$80.00","88.00","9","2","1","7","8","9","3","7","11","8","2","4"
"bronco sport review","888","$80.00","88.00","7","4","3","11","5","2","4","1","9","3","3","8"
"discovery sport review","888","$80.00","88.00","5","8","2","6","6","4","11","10","5","5","4","2"
"sport should be compulsory in schools","888","$80.00","88.00","11","10","4","4","2","10","9","7","5","7","11","8"
"sport should be compulsory in schools essay","888","$80.00","88.00","3","4","11","4","7","11","9","9","9","7","1","9"
"sport shoulder bag","888","$80.00","88.00","6","9","2","7","5","9","10","4","8","11","1","8"
"sport should be compulsory in schools essay ielts","888","$80.00","88.00","8","3","6","9","1","7","4","1","2","2","1","10"
"sport should be emphasized in school","888","$80.00","88.00","1","1","10","4","8","4","9","3","7","4","1","4"
"sport should be compulsory","888","$80.00","88.00","6","4","3","3","7","11","8","11","4","9","4","5"
"sport should be compulsory for all students","888","$80.00","88.00","3","7","7","1","1","4","8","7","4","11","2","11"
"sport should i play quiz","888","$80.00","88.00","4","1","7","4","8","9","5","11","9","2","9","3"
"sport through the ages","888","$80.00","88.00","3","8","3","2","11","4","4","2","4","9","6","11"
"sport throughout history","888","$80.00","88.00","6","6","4","8","9","9","10","3","6","3","6","3"
"sport through time","888","$80.00","88.00","10","3","3","11","4","2","6","9","2","3","8","5"
"sport through meaning","888","$80.00","88.00","9","10","9","11","8","7","4","8","5","9","4","10"
"through sport","888","$80.00","88.00","8","6","11","1","3","5","1","3","10","9","1","5"
"sport through health","888","$80.00","88.00","3","5","6","2","9","3","10","7","8","1","3","11"
"thoroughbred sport horses","888","$80.00","88.00","6","9","6","1","8","4","2","11","3","11","9","2"
"sport tourism","888","$80.00","88.00","10","1","1","6","8","3","7","4","4","5","7","8"
"sport top","888","$80.00","88.00","6","8","9","11","2","6","7","5","4","10","4","3"
"sport topic 11","888","$80.00","88.00","4","8","7","3","10","4","1","5","5","1","6","7"
"sport toys","888","$80.00","88.00","7","2","2","9","9","8","3","11","5","11","3","9"
"sport topic for speaking","888","$80.00","88.00","1","5","10","2","1","8","9","7","5","7","8","9"
"sport topic vocabulary","888","$80.00","88.00","5","5","3","4","11","8","5","4","8","5","2","8"
"sport topic elementary","888","$80.00","88.00","8","11","2","7","3","9","8","5","5","2","6","1"
"sport topic intermediate","888","$80.00","88.00","10","4","11","4","5","8","8","9","1","7","4","7"
"sport topic 7","888","$80.00","88.00","2","5","6","8","4","2","9","2","7","2","7","9"
"sport underwear","888","$80.00","88.00","10","11","11","1","2","9","8","3","8","7","5","10"
"sport undershirt","888","$80.00","88.00","1","1","3","8","10","9","3","3","11","6","6","3"
"sport under armour","888","$80.00","88.00","5","9","10","3","3","7","11","6","7","7","5","8"
"sport underwear for ladies","888","$80.00","88.00","11","8","7","9","4","9","7","4","6","2","11","2"
"sport underwear womens","888","$80.00","88.00","8","7","4","8","2","11","8","10","7","10","11","6"
"sport underwear set","888","$80.00","88.00","4","10","7","4","8","8","5","7","9","6","6","1"
"sport underwear mens","888","$80.00","88.00","5","8","7","3","7","5","5","6","7","10","9","1"
"sport versus game","888","$80.00","88.00","1","4","11","6","10","10","3","3","5","5","5","4"
"sport versus sports","888","$80.00","88.00","9","5","6","8","2","2","8","7","5","10","7","7"
"sport versus corinthians","888","$80.00","88.00","5","1","2","8","7","11","1","8","7","5","9","10"
"sport versus internacional","888","$80.00","88.00","5","10","10","11","7","9","7","4","6","9","3","10"
"sport versus flamengo","888","$80.00","88.00","6","4","3","2","7","11","1","9","6","1","8","8"
"bahia vs sport","888","$80.00","88.00","5","2","5","10","8","3","11","5","4","8","4","5"
"sport versus grmio","888","$80.00","88.00","5","6","8","10","9","9","8","6","9","4","8","11"
"palmeiras vs sport","888","$80.00","88.00","5","9","2","6","8","7","2","10","3","11","3","6"
"sport vsegda","888","$80.00","88.00","3","3","2","2","7","6","6","5","11","7","3","7"
"sport vs game","888","$80.00","88.00","3","3","8","8","3","6","4","4","5","6","8","8"
"sport vs sport  bmw","888","$80.00","88.00","10","3","4","10","5","1","10","4","10","6","11","7"
"sport vs politics","888","$80.00","88.00","9","2","4","4","10","10","3","5","8","2","8","1"
"sport vs depression","888","$80.00","88.00","3","6","10","2","4","6","7","7","4","9","2","5"
"sport vs sporting","888","$80.00","88.00","10","2","8","9","11","2","3","6","9","2","2","6"
"sport vs nutico","888","$80.00","88.00","5","9","2","5","8","8","4","11","9","7","11","7"
"sport washington","888","$80.00","88.00","1","5","11","10","4","8","9","1","2","10","6","1"
"sport washing","888","$80.00","88.00","8","9","3","4","5","2","7","8","5","7","1","4"
"sport wash","888","$80.00","88.00","5","8","10","4","1","10","3","3","2","11","10","7"
"sport washington live","888","$80.00","88.00","8","2","1","3","8","5","2","1","5","9","2","1"
"sport wasser","888","$80.00","88.00","1","8","9","7","2","2","10","10","11","6","2","2"
"sport waschmittel","888","$80.00","88.00","1","10","1","11","5","1","5","9","4","1","11","7"
"sport was his sanctuary","888","$80.00","88.00","6","2","10","1","3","6","5","7","3","10","2","3"
"sport wasmiddel","888","$80.00","88.00","1","8","4","3","6","2","6","9","1","6","9","5"
"sport what is it","888","$80.00","88.00","1","11","9","10","7","4","10","10","11","3","8","11"
"sport what does it mean","888","$80.00","88.00","4","11","9","9","6","10","8","4","5","2","8","10"
"sport whats on today","888","$80.00","88.00","3","2","8","9","1","5","2","10","6","10","8","11"
"sport what is definition","888","$80.00","88.00","9","11","11","1","2","7","8","4","10","10","3","5"
"sport what channel","888","$80.00","88.00","10","9","11","11","5","4","5","3","1","10","2","3"
"sport what meaning","888","$80.00","88.00","1","4","1","11","2","1","4","1","4","4","9","1"
"sport what is curling","888","$80.00","88.00","9","8","7","5","7","11","10","5","9","2","10","5"
"sport what is cycling","888","$80.00","88.00","7","3","1","1","9","1","11","11","3","2","3","3"
"sport when pregnant","888","$80.00","88.00","1","9","9","11","5","2","7","2","7","11","1","1"
"sport when sick","888","$80.00","88.00","2","6","1","7","11","8","8","1","7","4","2","5"
"sport when fasting","888","$80.00","88.00","6","7","3","11","8","1","4","5","7","4","7","4"
"sport when tired","888","$80.00","88.00","10","2","9","1","4","5","11","3","6","3","4","10"
"sport when cold","888","$80.00","88.00","2","6","2","6","7","7","4","9","3","1","4","3"
"sport when i was young","888","$80.00","88.00","9","4","7","6","7","10","5","9","1","4","1","2"
"sport when swimming","888","$80.00","88.00","2","10","2","3","1","5","9","6","6","1","8","10"
"when sport direct open","888","$80.00","88.00","3","7","10","7","11","8","2","3","7","11","2","6"
"sport waren","888","$80.00","88.00","2","10","7","10","5","11","2","8","4","6","9","7"
"sport warehouse","888","$80.00","88.00","1","9","6","10","5","7","10","10","7","6","4","6"
"sport waregem","888","$80.00","88.00","3","11","4","10","4","10","9","4","5","4","11","7"
"sport where you throw a heavy ball","888","$80.00","88.00","11","10","11","11","4","4","3","1","2","1","10","6"
"sport where you ski and shoot","888","$80.00","88.00","11","7","3","8","10","9","2","10","8","4","10","7"
"sport where you sweep ice","888","$80.00","88.00","10","10","9","5","3","9","10","4","1","2","1","9"
"sport where you jump over a bar","888","$80.00","88.00","3","3","3","9","1","10","3","5","4","3","4","9"
"sport which is","888","$80.00","88.00","8","11","5","8","10","9","11","8","2","9","10","4"
"sport which is part of the olympic events","888","$80.00","88.00","11","2","6","2","7","4","6","8","8","2","11","11"
"sport which is a variant of baseball","888","$80.00","88.00","2","8","6","7","8","4","9","10","3","5","7","7"
"sport which asset","888","$80.00","88.00","5","3","2","1","8","7","11","8","8","9","5","9"
"sport which burns the most calories","888","$80.00","88.00","7","8","4","9","10","7","5","9","10","6","9","8"
"sport wholesale","888","$80.00","88.00","6","4","4","9","6","5","9","10","5","7","2","8"
"sport who am i","888","$80.00","88.00","1","11","8","5","4","3","6","3","5","9","5","4"
"sport wholesale shoes","888","$80.00","88.00","10","9","1","10","7","9","11","8","3","2","5","11"
"sport wholesale supplements","888","$80.00","88.00","1","9","10","9","5","6","1","11","6","1","11","1"
"sport who invented it","888","$80.00","88.00","10","1","4","1","4","5","9","1","1","11","9","6"
"sport who empfehlung","888","$80.00","88.00","10","10","5","10","2","8","11","3","7","10","11","10"
"sport whose participants call pull","888","$80.00","88.00","4","5","4","8","6","3","10","8","5","8","2","8"
"sport whose variants include bandy","888","$80.00","88.00","10","5","8","6","3","7","8","7","1","2","11","9"
"sport whose variants include bandy crossword","888","$80.00","88.00","5","5","6","5","5","4","1","11","7","1","2","6"
"sport whose participants wear a mawashi","888","$80.00","88.00","10","4","7","3","4","4","4","6","5","5","3","2"
"sport whose participants wear a mawashi crossword","888","$80.00","88.00","11","6","10","3","7","5","6","4","5","10","11","11"
"olympic sport whose all around","888","$80.00","88.00","10","4","1","2","7","2","5","11","4","5","8","2"
"sport why is it important","888","$80.00","88.00","5","7","2","9","3","10","7","3","5","10","4","9"
"why sport is important for health","888","$80.00","88.00","5","4","2","7","4","5","6","9","3","2","3","4"
"why sport is important in our life","888","$80.00","88.00","11","4","6","6","3","5","9","2","10","10","5","2"
"why sport is good for you","888","$80.00","88.00","8","7","2","8","6","6","4","3","9","3","2","11"
"why sport should be compulsory at school","888","$80.00","88.00","1","7","6","3","11","3","11","9","7","7","5","10"
"why sport and recreation is important for a country","888","$80.00","88.00","8","6","10","6","4","8","9","2","11","1","8","6"
"why sport is good","888","$80.00","88.00","6","7","6","5","7","5","10","11","10","6","2","7"
"why sport psychology is important","888","$80.00","88.00","10","9","10","7","8","7","11","6","2","1","7","4"
"sport william hill","888","$80.00","88.00","4","8","1","9","7","3","10","5","7","10","8","3"
"sport william","888","$80.00","88.00","7","3","3","1","8","7","9","11","11","4","5","7"
"sport willy gutschein","888","$80.00","88.00","5","9","4","3","7","9","2","8","1","5","10","4"
"sport william hill football","888","$80.00","88.00","3","11","6","7","1","8","5","3","2","8","6","2"
"sport willy","888","$80.00","88.00","7","11","10","3","5","5","2","9","11","3","8","7"
"sport willi","888","$80.00","88.00","10","11","9","5","8","1","8","10","9","3","1","5"
"sport willy zuoz","888","$80.00","88.00","5","9","7","7","11","3","3","5","2","5","1","4"
"sport willi ramsau","888","$80.00","88.00","7","8","9","2","3","8","8","6","8","1","1","5"
"sport with goalposts","888","$80.00","88.00","10","10","4","6","8","1","4","1","9","6","4","10"
"sport with t","888","$80.00","88.00","5","2","5","4","2","1","11","1","5","3","1","1"
"sport with f","888","$80.00","88.00","10","10","8","9","1","8","4","7","5","9","8","10"
"sport with board","888","$80.00","88.00","11","8","7","2","2","5","10","9","1","1","4","5"
"sport with the letter y","888","$80.00","88.00","9","1","3","10","6","9","10","8","9","7","2","10"
"sport with the letter x","888","$80.00","88.00","11","3","5","8","5","7","8","3","10","1","8","10"
"sport with b","888","$80.00","88.00","9","6","9","8","1","5","6","10","11","6","5","7"
"sport with the letter z","888","$80.00","88.00","2","4","11","8","11","3","2","10","2","1","8","3"
"sport without politics","888","$80.00","88.00","11","11","7","2","2","6","8","7","9","10","7","4"
"sport without rules","888","$80.00","88.00","6","2","4","9","10","6","1","11","5","7","1","2"
"sport without a ball","888","$80.00","88.00","10","9","5","4","9","6","2","2","3","1","5","10"
"sport without borders","888","$80.00","88.00","8","8","2","8","2","1","3","4","5","10","3","7"
"sport without equipment","888","$80.00","88.00","10","8","3","9","7","1","1","7","11","10","9","11"
"sport without acl","888","$80.00","88.00","11","6","2","5","5","2","9","3","4","8","10","5"
"sport without diet","888","$80.00","88.00","9","2","2","10","11","6","3","10","6","7","8","9"
"sport without boundaries","888","$80.00","88.00","7","6","7","10","5","7","2","2","8","2","4","6"
"sport would you rather","888","$80.00","88.00","5","3","5","10","11","4","9","11","11","11","10","3"
"sport world","888","$80.00","88.00","10","2","3","8","4","9","10","10","3","1","9","5"
"sport would u rather questions","888","$80.00","88.00","6","1","6","8","10","10","6","1","6","4","6","1"
"sport would u rather","888","$80.00","88.00","10","11","11","5","9","2","8","7","4","5","11","11"
"which sport would you like to try","888","$80.00","88.00","3","2","2","6","3","8","5","4","7","6","7","1"
"what sport would use a bail","888","$80.00","88.00","5","5","6","11","2","6","7","6","9","6","9","3"
"sport you would like to learn","888","$80.00","88.00","4","10","10","8","2","4","11","2","7","4","10","5"
"which sport would you like to take up","888","$80.00","88.00","4","10","5","1","5","11","5","3","5","6","5","5"
"a sport or sport","888","$80.00","88.00","7","7","8","11","2","2","8","9","1","4","4","5"
"b sport live","888","$80.00","88.00","2","5","8","6","7","8","3","11","1","3","5","9"
"b sport tennis","888","$80.00","88.00","4","2","11","5","6","10","2","5","4","5","1","7"
"c sport coupe","888","$80.00","88.00","4","10","5","3","6","1","7","8","10","10","8","4"
"c sport coupe mercedes","888","$80.00","88.00","1","7","3","8","5","7","9","4","7","7","9","1"
"c sport online","888","$80.00","88.00","4","4","11","4","8","6","4","5","3","6","3","8"
"c sport watch","888","$80.00","88.00","3","3","5","10","8","1","2","3","7","1","5","10"
"c sport bianchi","888","$80.00","88.00","1","5","8","11","11","3","11","11","7","9","6","4"
"c sport 2 bianchi","888","$80.00","88.00","8","7","7","5","1","6","5","7","3","2","11","8"
"d sport mk","888","$80.00","88.00","8","3","6","7","9","11","2","11","3","7","8","2"
"d sport turkey","888","$80.00","88.00","9","4","6","3","8","1","9","8","5","9","10","10"
"d sport","888","$80.00","88.00","8","11","2","6","9","9","3","8","9","7","10","8"
"d sport canl izle","888","$80.00","88.00","6","10","4","1","1","8","6","1","10","8","2","9"
"d sport plze","888","$80.00","88.00","7","7","2","1","9","6","1","11","10","9","5","3"
"d sport cz","888","$80.00","88.00","4","7","8","3","11","5","2","6","8","2","7","3"
"d sport magazine","888","$80.00","88.00","11","7","6","1","5","9","10","7","3","6","5","8"
"e sport gear","888","$80.00","88.00","5","11","11","2","4","1","9","11","4","5","1","5"
"e sport uz","888","$80.00","88.00","10","4","5","4","7","7","4","5","6","6","8","8"
"e sport arena","888","$80.00","88.00","9","6","5","6","8","9","1","2","8","2","2","2"
"e sport az","888","$80.00","88.00","6","3","1","9","2","2","10","5","6","5","2","7"
"f sport","888","$80.00","88.00","11","2","1","10","3","6","7","9","9","7","6","11"
"f sport lx 570","888","$80.00","88.00","4","4","10","9","10","7","4","9","9","7","9","3"
"f sport gx 460","888","$80.00","88.00","7","4","11","9","1","6","10","6","2","8","11","8"
"f sport lexus rx","888","$80.00","88.00","11","7","7","4","3","9","2","6","10","4","5","8"
"f sport nx","888","$80.00","88.00","9","2","7","2","2","1","3","11","9","3","3","8"
"f sport badge","888","$80.00","88.00","9","10","5","8","7","1","3","5","3","2","9","8"
"f sport lexus 2019","888","$80.00","88.00","3","6","6","1","4","4","2","5","4","8","1","10"
"f sport interior","888","$80.00","88.00","7","10","5","3","8","7","4","8","2","1","6","9"
"g sport birdcage","888","$80.00","88.00","9","1","5","7","11","4","10","10","5","6","2","1"
"g sport ribcage","888","$80.00","88.00","11","10","5","11","9","2","11","5","6","9","5","7"
"g sport ratchet","888","$80.00","88.00","8","1","1","11","6","7","7","4","3","4","1","10"
"g sport","888","$80.00","88.00","2","1","5","2","8","10","3","4","2","6","2","6"
"h sport 3cc card holder","888","$80.00","88.00","11","2","10","11","8","11","3","9","11","9","7","4"
"h sport watch","888","$80.00","88.00","10","9","8","9","8","11","4","9","1","10","4","3"
"h sport shop","888","$80.00","88.00","1","2","9","8","6","8","3","7","2","3","1","9"
"h sport oulu","888","$80.00","88.00","8","9","1","9","11","4","7","4","8","9","11","5"
"i sport","888","$80.00","88.00","8","7","8","5","6","5","6","9","7","7","4","3"
"i sport bar","888","$80.00","88.00","4","5","4","7","1","2","9","6","8","4","8","8"
"i sport live","888","$80.00","88.00","7","1","2","8","9","5","2","6","4","7","11","4"
"i sport no","888","$80.00","88.00","11","4","11","5","3","7","10","4","9","6","8","6"
"i sport shop","888","$80.00","88.00","11","6","1","7","8","5","8","2","8","8","4","2"
"j sport boots","888","$80.00","88.00","11","8","9","9","5","1","4","3","1","7","9","7"
"j sport exerc psychol","888","$80.00","88.00","10","4","10","8","8","4","8","10","2","4","7","1"
"j sport shoes","888","$80.00","88.00","6","5","8","9","5","1","4","5","5","7","11","3"
"j sport memory foam shoes","888","$80.00","88.00","8","3","11","5","1","8","6","11","1","9","7","9"
"k sport 1","888","$80.00","88.00","10","1","8","9","8","3","2","4","2","1","7","3"
"k sport brakes","888","$80.00","88.00","11","8","7","2","10","2","3","9","7","7","9","8"
"k sport tv","888","$80.00","88.00","5","11","9","8","7","3","3","11","8","1","2","11"
"k sport 4","888","$80.00","88.00","1","1","2","2","7","7","7","3","11","4","11","3"
"k sport x8","888","$80.00","88.00","6","8","11","6","11","3","10","9","5","9","6","6"
"k sport coilovers","888","$80.00","88.00","7","1","7","10","10","5","5","7","10","5","11","10"
"k sport program","888","$80.00","88.00","5","7","4","4","6","2","9","2","9","1","1","11"
"k sport jzx100","888","$80.00","88.00","11","2","3","5","8","6","3","1","11","6","5","4"
"m sport pure","888","$80.00","88.00","5","2","3","2","4","1","4","2","1","7","5","7"
"m sport edition 21","888","$80.00","88.00","6","2","6","6","7","5","9","1","8","5","5","5"
"m sport pro","888","$80.00","88.00","9","4","6","7","4","5","1","11","11","7","11","1"
"m sport.vbet","888","$80.00","88.00","1","11","10","8","2","11","8","8","5","4","6","10"
"m sport 2022","888","$80.00","88.00","2","11","4","9","5","7","7","2","5","5","2","10"
"m sport","888","$80.00","88.00","8","3","10","10","2","6","6","4","6","11","7","7"
"n sport srbija","888","$80.00","88.00","7","5","9","10","10","8","8","6","4","4","3","4"
"n sport eps","888","$80.00","88.00","2","5","3","5","3","11","11","3","6","2","6","4"
"n sport rs","888","$80.00","88.00","10","4","11","8","11","4","4","6","2","1","1","4"
"n sport posao","888","$80.00","88.00","1","4","3","9","9","10","6","3","6","6","2","6"
"n sport serbia","888","$80.00","88.00","1","5","2","5","7","6","3","9","4","3","4","6"
"n sport akcije","888","$80.00","88.00","4","8","4","1","3","8","10","7","5","4","4","4"
"n sport online","888","$80.00","88.00","1","11","1","9","11","11","11","9","7","3","5","5"
"n sport novi sad","888","$80.00","88.00","4","5","6","7","4","3","4","5","10","2","1","3"
"o sport tu est beaute","888","$80.00","88.00","2","2","2","3","6","3","4","5","9","10","6","1"
"o sport you are peace","888","$80.00","88.00","5","4","7","5","8","9","9","9","11","1","1","9"
"o sport you are piece","888","$80.00","88.00","9","9","9","11","8","1","4","7","3","7","10","4"
"o sport tv","888","$80.00","88.00","9","11","10","3","10","1","4","3","9","2","9","8"
"o sport rue vitruve","888","$80.00","88.00","6","1","3","1","6","4","7","8","5","5","3","1"
"tvp sport","888","$80.00","88.00","3","2","6","1","5","9","5","1","4","10","2","5"
"bridgestone hp sport","888","$80.00","88.00","8","11","11","3","7","3","7","1","9","6","7","5"
"p sport rokytnice","888","$80.00","88.00","7","9","4","4","10","6","5","7","2","10","11","6"
"q sport arena","888","$80.00","88.00","1","4","5","4","11","11","3","11","8","7","3","2"
"q sport","888","$80.00","88.00","4","2","7","4","7","2","1","9","1","10","11","6"
"q sport league","888","$80.00","88.00","10","10","7","9","1","3","6","9","11","9","9","5"
"q sport extra","888","$80.00","88.00","3","6","11","11","3","5","11","5","11","3","2","5"
"r sport jaguar","888","$80.00","88.00","5","8","6","7","9","9","2","10","8","1","5","8"
"r sport f pace","888","$80.00","88.00","6","4","10","10","1","9","1","4","6","10","4","1"
"r sport gun","888","$80.00","88.00","8","10","3","6","10","11","8","9","9","2","8","7"
"r sport","888","$80.00","88.00","7","9","9","10","3","4","5","10","8","2","2","4"
"r sport intercooler","888","$80.00","88.00","8","11","4","5","2","6","2","6","7","5","3","9"
"s sport canli","888","$80.00","88.00","7","9","4","6","3","1","1","6","4","5","3","11"
"s sport plus","888","$80.00","88.00","7","10","4","1","8","6","7","11","11","8","10","4"
"s sport plus online","888","$80.00","88.00","2","5","3","2","1","5","11","7","8","7","6","10"
"s sport","888","$80.00","88.00","6","8","9","5","6","4","11","7","8","3","1","5"
"s sport 2 yayn ak","888","$80.00","88.00","7","7","9","5","10","3","8","8","1","5","9","10"
"s sport canl yayn","888","$80.00","88.00","5","2","5","3","8","1","7","5","9","7","7","9"
"s sport canl izle kesintisiz","888","$80.00","88.00","6","1","2","1","11","6","5","9","9","6","2","4"
"s sport live","888","$80.00","88.00","4","5","11","2","6","6","3","6","6","9","8","8"
"t sport fairing dyna","888","$80.00","88.00","11","11","7","4","1","7","5","4","10","4","4","9"
"u sport","888","$80.00","88.00","10","4","5","11","2","10","8","2","3","6","10","3"
"v sport ultra hd","888","$80.00","88.00","10","5","3","1","10","6","4","2","7","11","7","7"
"v sport premium","888","$80.00","88.00","6","7","10","5","4","6","5","11","4","6","1","11"
"v sport 1","888","$80.00","88.00","5","3","5","1","7","11","3","10","2","7","4","6"
"v sport football","888","$80.00","88.00","6","10","2","9","6","11","5","11","11","1","5","5"
"v sport international","888","$80.00","88.00","3","7","5","8","7","2","5","9","9","6","11","10"
"v sport motor","888","$80.00","88.00","7","4","11","1","4","11","5","2","2","6","7","6"
"v sport tv","888","$80.00","88.00","4","7","5","10","5","9","1","11","1","7","2","7"
"w sport wear","888","$80.00","88.00","2","2","9","10","1","2","11","10","3","4","1","9"
"w sport watch","888","$80.00","88.00","5","4","6","6","6","6","3","9","2","8","10","5"
"w sport porrentruy","888","$80.00","88.00","3","7","5","2","10","4","11","5","2","2","10","7"
"w sport cittadella","888","$80.00","88.00","6","5","11","7","2","10","3","3","4","8","1","11"
"x sport","888","$80.00","88.00","5","3","8","9","11","2","11","4","11","11","3","7"
"x sport shop","888","$80.00","88.00","1","8","2","4","5","5","10","5","7","6","5","5"
"x sport pro","888","$80.00","88.00","10","3","4","1","3","9","10","3","1","8","11","6"
"x sport plus","888","$80.00","88.00","7","1","10","9","7","11","11","5","1","8","1","9"
"y sport tracksuits price","888","$80.00","88.00","5","9","7","4","10","2","11","6","5","1","8","7"
"y sport catalogue","888","$80.00","88.00","7","2","5","11","4","2","4","7","5","2","7","2"
"y sport tracksuits","888","$80.00","88.00","2","5","10","6","3","3","4","3","5","9","9","8"
"z sport car","888","$80.00","88.00","10","10","8","6","3","6","8","2","4","10","6","9"
"z sport zarasai","888","$80.00","88.00","8","11","11","10","11","7","1","9","8","2","4","6"
"z sport israel","888","$80.00","88.00","8","5","5","5","7","9","8","1","10","1","8","10"
"z sport club","888","$80.00","88.00","3","4","10","11","6","7","9","2","11","5","10","4"
"z sport mx5","888","$80.00","88.00","6","9","6","8","2","4","3","1","7","5","6","8"
"fusion sport 060","888","$80.00","88.00","10","4","4","1","9","11","9","11","9","6","4","7"
"crosstrek sport 060","888","$80.00","88.00","3","8","11","9","3","10","1","3","7","3","2","11"
"accord sport 060","888","$80.00","88.00","1","11","4","5","1","3","3","2","7","10","4","10"
"1 sport live","888","$80.00","88.00","11","10","2","9","1","11","7","2","6","7","6","2"
"1 sport israel","888","$80.00","88.00","7","3","6","3","5","1","11","6","4","4","10","9"
"1 sport in the us","888","$80.00","88.00","7","3","10","11","9","11","4","4","6","9","4","10"
"1 sport programm","888","$80.00","88.00","1","3","10","3","7","5","3","10","8","1","8","4"
"2 sport premium","888","$80.00","88.00","6","11","5","8","6","7","6","3","1","9","1","4"
"2 sport star","888","$80.00","88.00","2","7","5","11","8","4","1","6","4","9","10","2"
"2 sport live","888","$80.00","88.00","1","9","10","1","3","1","1","8","4","4","8","5"
"3 sport 2 hd lv","888","$80.00","88.00","6","1","1","3","2","3","2","1","5","6","4","11"
"3 sport open","888","$80.00","88.00","8","9","6","5","7","11","3","9","10","4","10","10"
"3 sport 2 live","888","$80.00","88.00","4","11","5","11","8","5","11","9","10","3","5","7"
"3 sport 2","888","$80.00","88.00","4","1","10","5","7","6","1","8","9","9","7","7"
"3 sport live","888","$80.00","88.00","10","3","11","3","1","3","5","11","2","6","9","8"
"3 sport open programa","888","$80.00","88.00","4","7","5","7","1","9","10","3","7","4","2","11"
"3 sport 2 programa","888","$80.00","88.00","1","7","4","6","4","5","5","1","4","6","9","2"
"3 sport hd","888","$80.00","88.00","8","9","10","6","2","9","4","11","9","1","2","2"
"4 sport","888","$80.00","88.00","2","3","4","9","6","7","1","6","7","5","1","9"
"4 sport cup","888","$80.00","88.00","4","2","2","11","5","7","5","4","1","5","11","2"
"4 sport klaipeda","888","$80.00","88.00","10","10","3","7","5","11","2","11","8","6","7","8"
"4 sport online","888","$80.00","88.00","1","4","7","4","11","4","8","1","5","9","3","3"
"sport live 4","888","$80.00","88.00","6","5","10","2","3","1","1","10","8","11","1","1"
"4 sport life","888","$80.00","88.00","5","9","6","10","10","11","7","10","7","4","6","3"
"5 sport program","888","$80.00","88.00","6","5","7","9","5","3","6","5","7","5","9","10"
"5 sport 4k","888","$80.00","88.00","5","6","10","9","5","7","8","9","2","1","4","2"
"5 sport israel tv guide","888","$80.00","88.00","11","9","3","11","4","3","8","2","9","11","1","7"
"5 sport 4k israel schedule","888","$80.00","88.00","3","5","3","10","9","3","11","1","11","8","10","6"
"6 sport comune di venezia","888","$80.00","88.00","4","9","10","7","5","1","5","2","9","6","3","8"
"7 sport live","888","$80.00","88.00","5","8","5","9","1","9","9","2","11","10","8","7"
"7 sport loewe","888","$80.00","88.00","4","8","8","11","10","1","1","10","2","6","10","10"
"7 sport hd","888","$80.00","88.00","1","2","3","7","8","11","10","6","1","4","4","10"
"sport live 7","888","$80.00","88.00","9","5","9","11","7","4","5","4","10","3","10","8"
"8 sport tv","888","$80.00","88.00","2","1","3","10","5","11","5","3","6","1","11","10"
"9 sport channel","888","$80.00","88.00","3","11","5","6","2","1","7","7","10","5","5","8"
"9 sport app","888","$80.00","88.00","3","11","7","11","8","2","10","11","1","11","4","11"
"about sport topic","888","$80.00","88.00","4","5","6","9","6","1","2","3","1","6","11","11"
"about sport in english","888","$80.00","88.00","10","10","7","8","6","11","1","5","6","5","3","8"
"about sport essay","888","$80.00","88.00","5","6","9","2","6","8","7","11","3","11","9","6"
"about sport","888","$80.00","88.00","4","1","5","5","1","9","11","1","10","9","5","5"
"about sport in uzbekistan","888","$80.00","88.00","11","3","5","2","9","3","6","10","2","8","3","11"
"about sport games","888","$80.00","88.00","5","6","8","10","9","7","3","9","6","6","1","8"
"about sport speaking","888","$80.00","88.00","10","5","2","8","9","7","7","11","6","11","5","11"
"after sport snack","888","$80.00","88.00","2","8","4","4","10","10","2","2","5","8","8","11"
"after sport after party","888","$80.00","88.00","2","3","1","2","11","6","1","8","9","5","5","10"
"after sport food","888","$80.00","88.00","10","4","3","4","5","8","10","2","2","11","9","7"
"after sport drink","888","$80.00","88.00","9","5","2","11","1","7","8","5","9","1","6","8"
"after sport massage","888","$80.00","88.00","3","9","3","7","10","9","2","7","9","11","6","2"
"after sport headache","888","$80.00","88.00","5","9","4","9","11","2","9","3","4","5","9","2"
"and sport live","888","$80.00","88.00","10","3","7","11","3","6","6","7","2","9","8","1"
"around sport bcn","888","$80.00","88.00","4","7","11","4","3","4","4","8","9","10","4","7"
"around sport calcio","888","$80.00","88.00","5","9","5","6","5","8","2","1","1","1","7","2"
"around sport savignano","888","$80.00","88.00","9","5","9","1","7","7","7","4","5","6","3","5"
"around sport kleve","888","$80.00","88.00","7","3","5","5","9","5","6","5","10","5","3","4"
"around sport app","888","$80.00","88.00","4","9","4","8","5","1","10","4","11","6","11","1"
"around sport cesenatico","888","$80.00","88.00","6","8","2","11","8","5","5","5","4","8","1","8"
"as sport","888","$80.00","88.00","10","9","1","3","2","8","2","8","2","10","8","2"
"as sport live","888","$80.00","88.00","2","3","3","5","5","2","2","9","7","6","1","10"
"as sport spain","888","$80.00","88.00","8","3","2","10","9","7","8","8","6","1","10","11"
"as sport management","888","$80.00","88.00","10","7","5","4","5","6","6","1","2","10","7","11"
"as sport outlet","888","$80.00","88.00","4","6","7","3","8","10","11","4","11","3","4","7"
"at sport tallinn","888","$80.00","88.00","10","1","10","5","4","1","3","7","7","10","10","8"
"at sport or in sport","888","$80.00","88.00","4","3","11","10","1","7","6","7","2","7","5","4"
"at sport o","888","$80.00","88.00","1","5","11","8","4","11","7","5","8","9","7","3"
"at sport epood","888","$80.00","88.00","10","9","4","3","11","8","2","9","1","5","4","3"
"before sport breakfast","888","$80.00","88.00","3","3","5","6","2","9","9","4","7","10","4","9"
"best sport cars","888","$80.00","88.00","5","9","8","8","8","8","3","11","9","10","3","8"
"best sport","888","$80.00","88.00","8","3","4","1","11","4","9","7","11","10","7","4"
"best sport movies","888","$80.00","88.00","2","11","2","9","8","3","7","6","9","6","11","6"
"best sport watches 2021","888","$80.00","88.00","3","10","4","11","5","4","10","4","6","8","8","2"
"best sport watch","888","$80.00","88.00","10","5","9","3","5","5","8","6","9","9","4","4"
"best sport cars 2021","888","$80.00","88.00","5","2","1","8","6","4","5","5","7","2","3","2"
"buy sport motorcycle","888","$80.00","88.00","4","9","1","4","9","10","1","4","10","7","4","7"
"buy sport bike","888","$80.00","88.00","1","4","11","10","3","2","10","10","5","6","3","4"
"by sport live","888","$80.00","88.00","8","11","1","6","3","1","4","10","9","1","7","3"
"by sport tv guide","888","$80.00","88.00","5","7","1","1","6","7","3","2","9","2","4","8"
"by sport schedule","888","$80.00","88.00","8","3","2","6","11","6","8","2","10","5","7","3"
"by sport box office","888","$80.00","88.00","9","10","11","7","7","9","8","2","4","1","3","6"
"by sport guide","888","$80.00","88.00","9","5","7","4","1","9","11","4","8","9","3","9"
"by sport boxing","888","$80.00","88.00","4","9","1","3","10","6","5","1","2","4","10","7"
"by sport rugby","888","$80.00","88.00","11","7","8","1","2","11","5","5","6","8","4","8"
"can sport shoes","888","$80.00","88.00","3","10","7","11","2","4","1","7","2","8","4","7"
"can sport help depression","888","$80.00","88.00","9","6","4","5","3","3","5","6","10","5","3","9"
"can sport cure depression","888","$80.00","88.00","6","9","9","4","8","1","7","6","5","4","11","5"
"can sport make you taller","888","$80.00","88.00","4","1","9","3","6","10","2","7","2","5","4","6"
"cheap sport cars","888","$80.00","88.00","7","2","8","5","6","1","1","3","3","6","2","2"
"cheap sport shoes","888","$80.00","88.00","5","2","5","8","7","2","2","2","1","10","8","9"
"cheap sport bike","888","$80.00","88.00","8","7","6","2","8","3","5","4","10","9","4","6"
"cheap sport motorcycles","888","$80.00","88.00","5","3","8","8","3","3","1","8","5","5","9","1"
"cheap sport car rental dubai","888","$80.00","88.00","2","8","9","10","6","8","1","4","1","1","4","11"
"cheap sport sedans","888","$80.00","88.00","6","7","11","7","8","1","6","9","1","9","9","9"
"did sport originate","888","$80.00","88.00","8","5","11","6","11","3","11","7","11","7","8","11"
"did sport for fitness crossword clue","888","$80.00","88.00","7","7","4","10","9","6","6","11","3","11","8","2"
"do sport or do sports","888","$80.00","88.00","1","9","9","3","1","8","4","7","3","8","8","7"
"do sport","888","$80.00","88.00","8","7","1","4","3","5","8","2","3","9","5","5"
"do sport or make sport","888","$80.00","88.00","6","10","10","3","9","6","10","10","5","7","1","3"
"do sport exercise","888","$80.00","88.00","10","3","11","8","10","1","1","11","7","8","7","10"
"do sport or play sport","888","$80.00","88.00","8","3","7","10","9","9","4","2","4","6","3","3"
"does sport make you happy","888","$80.00","88.00","8","6","8","1","10","9","5","9","7","4","6","6"
"does sport release endorphins","888","$80.00","88.00","6","3","8","5","4","11","2","9","1","4","8","5"
"does sport prevent diabetes","888","$80.00","88.00","11","4","8","10","11","3","11","8","6","6","4","4"
"does sport help with mental health","888","$80.00","88.00","8","5","8","1","10","8","1","8","10","1","2","9"
"does sport improve mental health","888","$80.00","88.00","3","1","3","7","1","7","8","11","3","10","2","3"
"does sport increase iq","888","$80.00","88.00","9","8","10","11","1","3","7","9","9","3","2","6"
"fast sport cars","888","$80.00","88.00","8","4","9","7","4","5","7","6","3","1","5","9"
"fast sport sedans","888","$80.00","88.00","11","1","2","2","1","6","6","8","5","6","4","1"
"fast sport wheels","888","$80.00","88.00","8","1","7","4","1","4","6","6","1","10","4","2"
"fast sport bikes","888","$80.00","88.00","1","5","9","7","8","6","8","6","6","3","9","4"
"for sport fans attending","888","$80.00","88.00","3","4","5","9","7","5","7","3","2","5","2","8"
"for sport meaning","888","$80.00","88.00","3","4","9","9","1","6","6","2","8","9","9","8"
"for sport definition","888","$80.00","88.00","5","6","8","5","2","3","6","10","9","6","1","4"
"for sport","888","$80.00","88.00","11","7","1","1","1","11","5","3","11","5","9","9"
"from sport football tv","888","$80.00","88.00","7","11","6","11","8","4","4","8","11","4","2","6"
"from sport rugby","888","$80.00","88.00","5","9","5","6","2","6","4","7","2","3","5","11"
"from sport hot","888","$80.00","88.00","3","8","9","1","1","6","5","2","10","10","5","5"
"from sport f1","888","$80.00","88.00","11","5","10","3","4","10","9","1","11","3","8","7"
"from sport handball","888","$80.00","88.00","6","8","3","1","2","2","5","2","1","3","4","7"
"how sport help us","888","$80.00","88.00","8","11","7","4","4","8","10","11","5","9","7","5"
"how sport affects health","888","$80.00","88.00","9","5","11","4","9","5","2","2","5","6","3","10"
"how sport can build the nation","888","$80.00","88.00","2","4","9","5","7","4","11","6","3","3","10","11"
"in sport line","888","$80.00","88.00","10","4","11","4","4","10","6","1","6","1","2","8"
"in sport kz","888","$80.00","88.00","8","5","6","6","3","1","9","8","5","1","7","9"
"in sport","888","$80.00","88.00","4","6","3","7","5","10","11","10","2","3","3","10"
"in sport live","888","$80.00","88.00","3","9","9","6","2","5","11","7","8","10","2","4"
"in sport we trust","888","$80.00","88.00","3","1","1","8","5","4","6","2","11","5","8","9"
"in sport spyur","888","$80.00","88.00","3","10","9","11","1","8","2","10","9","4","8","10"
"in sport 2022","888","$80.00","88.00","2","3","5","3","2","8","2","11","1","3","6","10"
"into sport krakw","888","$80.00","88.00","7","7","9","9","1","2","6","5","9","1","4","10"
"into sport events","888","$80.00","88.00","7","11","3","6","7","5","4","3","3","6","4","9"
"is sport important","888","$80.00","88.00","10","7","9","3","8","2","7","9","3","6","2","7"
"is sport important in our life","888","$80.00","88.00","9","7","9","11","11","3","6","5","10","9","7","6"
"is sport cross","888","$80.00","88.00","10","3","5","10","6","4","1","6","10","6","8","5"
"is sport an important part of education","888","$80.00","88.00","3","8","5","1","10","7","4","10","11","9","10","9"
"is sport good for you","888","$80.00","88.00","8","7","8","3","9","5","2","3","10","11","1","2"
"is sport countable","888","$80.00","88.00","11","8","4","8","6","1","4","3","4","11","3","3"
"is sport good or bad","888","$80.00","88.00","4","7","2","7","3","8","6","6","7","8","10","10"
"is sport an entertainment","888","$80.00","88.00","9","3","8","7","7","4","5","10","3","7","1","11"
"like sport cars","888","$80.00","88.00","9","11","4","11","5","6","11","10","1","10","9","6"
"like sport shop","888","$80.00","88.00","5","6","5","8","6","11","8","5","7","7","4","6"
"of sport live","888","$80.00","88.00","3","3","11","4","10","11","6","7","1","4","10","2"
"of sport authority","888","$80.00","88.00","5","4","6","2","10","4","1","5","6","4","2","9"
"of sport psychology","888","$80.00","88.00","10","10","10","11","11","7","11","6","2","7","2","8"
"on sport live","888","$80.00","88.00","8","10","3","4","5","10","7","1","3","2","3","8"
"on sport ifas","888","$80.00","88.00","3","10","3","2","8","4","7","10","2","4","9","3"
"on sport frequency nilesat 2020","888","$80.00","88.00","5","7","9","9","10","6","2","11","6","3","4","9"
"on sport.vn","888","$80.00","88.00","2","10","6","9","1","1","5","9","9","4","5","1"
"or sport meaning","888","$80.00","88.00","1","1","8","11","5","9","1","2","8","6","3","11"
"out sport nc","888","$80.00","88.00","11","6","7","2","6","2","4","10","1","11","1","10"
"over sport albania","888","$80.00","88.00","3","8","11","4","6","8","10","11","8","11","2","3"
"over sport wwe","888","$80.00","88.00","6","6","8","10","7","1","2","4","7","1","11","11"
"over sport plt","888","$80.00","88.00","9","1","10","10","11","10","3","1","7","3","11","1"
"price sport bike","888","$80.00","88.00","5","1","10","4","8","3","3","7","7","7","11","6"
"should sport be compulsory at school","888","$80.00","88.00","7","2","7","1","6","3","6","1","9","2","1","10"
"united through sport","888","$80.00","88.00","8","5","6","5","4","2","1","8","6","2","4","1"
"smile through sport","888","$80.00","88.00","8","9","9","3","9","1","9","1","9","8","10","9"
"to sport something","888","$80.00","88.00","4","4","11","4","3","7","8","3","3","11","7","8"
"to sport","888","$80.00","88.00","11","1","3","3","3","3","4","1","7","7","6","7"
"to sport meaning","888","$80.00","88.00","5","4","5","11","9","7","8","6","3","8","11","4"
"to sport something meaning","888","$80.00","88.00","2","5","5","3","2","11","9","4","2","9","10","7"
"to sport a beard","888","$80.00","88.00","6","2","9","6","5","8","9","1","2","9","4","11"
"to sport would be as tedious as to work","888","$80.00","88.00","8","6","5","4","2","9","1","7","11","8","6","11"
"top sport arena","888","$80.00","88.00","6","3","4","1","10","8","5","9","2","10","5","1"
"top sport","888","$80.00","88.00","7","5","6","4","6","3","10","4","4","6","9","2"
"top sport pit","888","$80.00","88.00","4","7","9","3","5","10","2","9","1","8","9","10"
"top sport.ge","888","$80.00","88.00","9","5","7","7","5","2","3","8","7","9","1","2"
"top sport tbilisi","888","$80.00","88.00","6","6","3","10","7","11","3","4","5","10","7","8"
"under armour sport mask","888","$80.00","88.00","3","9","4","5","11","2","7","1","6","6","5","9"
"versus sport wear","888","$80.00","88.00","6","2","2","9","3","4","5","7","1","8","7","8"
"vs sport","888","$80.00","88.00","8","3","10","7","2","7","4","11","11","10","11","6"
"vs sport wear","888","$80.00","88.00","4","2","4","2","10","10","6","10","11","8","6","4"
"vs sport bg","888","$80.00","88.00","11","7","5","5","3","8","7","3","5","6","3","11"
"vs sport electric scooters","888","$80.00","88.00","8","10","10","2","9","8","8","7","3","7","1","1"
"vs sport klaipeda","888","$80.00","88.00","3","11","10","2","8","11","6","3","4","3","2","1"
"was sport fr mich bedeutet","888","$80.00","88.00","6","5","9","3","2","5","8","10","3","8","4","7"
"was sport utility vehicle","888","$80.00","88.00","4","7","9","1","9","4","10","3","5","2","1","8"
"what sport does phil do","888","$80.00","88.00","3","11","6","4","7","8","9","4","6","1","11","7"
"what sport do you do","888","$80.00","88.00","11","8","9","6","3","11","8","9","4","11","7","6"
"what sport do you go in for","888","$80.00","88.00","7","11","5","5","5","7","5","6","10","9","5","1"
"when sport worlds are maleidentified it means that","888","$80.00","88.00","9","2","8","9","7","1","8","3","4","3","1","8"
"which sport is not originated in the uk","888","$80.00","88.00","11","2","2","8","9","8","7","9","4","6","4","9"
"which sport is the most dangerous","888","$80.00","88.00","6","2","10","10","3","2","5","9","11","2","7","8"
"which sport needs a club to play with","888","$80.00","88.00","8","10","10","9","1","9","7","9","4","3","11","3"
"which sport is the most popular in british schools","888","$80.00","88.00","6","2","8","1","8","11","11","6","6","11","7","11"
"who sport recommendation","888","$80.00","88.00","2","3","4","11","11","11","10","7","6","9","8","6"
"who sport definition","888","$80.00","88.00","7","9","8","2","4","6","2","8","1","9","7","9"
"who sport mask","888","$80.00","88.00","8","3","9","2","6","1","8","7","6","3","10","11"
"sport whose participants call pull nyt crossword","888","$80.00","88.00","9","6","10","7","8","1","7","1","10","10","6","1"
"why sport is important","888","$80.00","88.00","10","6","10","11","8","2","6","9","6","2","10","10"
"why sport is important essay","888","$80.00","88.00","4","10","2","1","8","9","5","5","4","1","3","9"
"why sport is so important","888","$80.00","88.00","3","11","9","3","9","11","4","7","10","5","11","4"
"with sport band","888","$80.00","88.00","8","11","6","10","4","10","6","7","7","3","5","11"
"sport would you use a sand iron","888","$80.00","88.00","1","1","4","8","5","2","7","4","1","6","9","1"